-- 1. COMPORTAMIENTO DE SCRIPT ------------------------------------------------------ --
	-- ------------------------------------------------------------------------------ --
	DROP DATABASE IF EXISTS TelediagnosticoMedico_HeartBits;
	CREATE DATABASE IF NOT EXISTS TelediagnosticoMedico_HeartBits;
	USE TelediagnosticoMedico_HeartBits;
	-- ------------------------------------------------------------------------------ --
-- FIN DE COMPORTAMIENTO DEL SCRIPT - (1) ------------------------------------------- -- 

-- 2. CREACIÓN DE TABLAS ------------------------------------------------------------ --
	-- ------------------------------------------------------------------------------ --
	-- TABLAS DE CHAT --------------------------------------------------------------- --
	CREATE TABLE mensaje ( 
		id INT (10) AUTO_INCREMENT,
		texto VARCHAR (65535) NOT NULL,
		hora TIME NOT NULL,
		PRIMARY KEY (id)
	);

	CREATE TABLE salaChat (
		id INT (10) AUTO_INCREMENT,
		estado BOOLEAN NOT NULL,
		motivo VARCHAR (128) ,
		fechaHoraInicio DATETIME NOT NULL,
		fechaHoraFin DATETIME ,
		PRIMARY KEY (id)
	);	
	-- ------------------------------------------------------------------------------ --

	-- TABLAS ORIENTADAS HACIA LAS PERSONAS ----------------------------------------- --
	CREATE TABLE departamento (
		id INT (10) AUTO_INCREMENT,
		nombre VARCHAR (32) NOT NULL,
		PRIMARY KEY (id)
	);
    
	CREATE TABLE ciudad (
		id INT (10) AUTO_INCREMENT,
		nombre VARCHAR (32) NOT NULL,
        id_dpto INT (10) NOT NULL,
		PRIMARY KEY (id),
        FOREIGN KEY (id_dpto) REFERENCES departamento(id)
	);
    
    CREATE TABLE tipo_persona (
		id INT (10) AUTO_INCREMENT,
		nombre VARCHAR (64) NOT NULL UNIQUE,
		PRIMARY KEY (id)
	);	
    
    CREATE TABLE persona (
		id INT (10) AUTO_INCREMENT,
		ci INT (8) NOT NULL UNIQUE,
		primerNom VARCHAR (32) NOT NULL,
		segundoNom VARCHAR (32),
		primerApe VARCHAR (32) NOT NULL,
		segundoApe VARCHAR (32) NOT NULL,
        genero CHAR (1) NOT NULL,
		fechaNacimiento DATE NOT NULL,
		email VARCHAR (64) NOT NULL UNIQUE,
        calle VARCHAR (64) NOT NULL,
        npuerta INT (10) NOT NULL,
        id_ciudad INT (10) NOT NULL,
		habilitado BOOLEAN ,
        id_tipo INT (10) NOT NULL,
        especialidad VARCHAR (64),
        usuario VARCHAR (16) UNIQUE,
		contrasena VARCHAR (16) UNIQUE,
		pin INT (4), 
		PRIMARY KEY (id),
        FOREIGN KEY (id_tipo) REFERENCES tipo_persona(id),
        FOREIGN KEY (id_ciudad) REFERENCES ciudad(id)
	);	

	-- ------------------------------------------------------------------------------ --

	-- TABLAS ORIENTADAS AL ÁREA MÉDICA --------------------------------------------- --
	CREATE TABLE region (
		id INT (10) AUTO_INCREMENT,
		nombre VARCHAR (32) NOT NULL,
		PRIMARY KEY (id)
	);	

	CREATE TABLE prioridad (
		id INT (10) AUTO_INCREMENT,
		nombre VARCHAR (32) NOT NULL,
		PRIMARY KEY (id)
	);	

	CREATE TABLE sintoma (
		id INT (10) AUTO_INCREMENT,
		id_region INT (10),
		descripcion VARCHAR (128) NOT NULL,
		PRIMARY KEY (id),
		FOREIGN KEY (id_region) REFERENCES region(id)
	);

	CREATE TABLE patologia (
		id INT (10) AUTO_INCREMENT,
		id_prioridad INT (10) NOT NULL,
		nombre VARCHAR (32) NOT NULL UNIQUE,
		descripcion VARCHAR (128) NOT NULL,
		indiceMortalidad INT (10) NOT NULL,
		PRIMARY KEY (id),
		FOREIGN KEY (id_prioridad) REFERENCES prioridad(id)
	);

	CREATE TABLE tratamiento (
		id INT (10) AUTO_INCREMENT,
		id_patologia INT (10) NOT NULL,
		nombre VARCHAR (32) NOT NULL UNIQUE,
		descripcion VARCHAR (128) NOT NULL,
        tipo VARCHAR (32) NOT NULL,
		PRIMARY KEY (id),
		FOREIGN KEY (id_patologia) REFERENCES patologia(id)
	);	

	CREATE TABLE tipo_diagnostico (
		id INT (10) AUTO_INCREMENT,
		nombre VARCHAR (64) NOT NULL UNIQUE,
		PRIMARY KEY (id)
	);	

	CREATE TABLE diagnostico (
		id INT (10) AUTO_INCREMENT,
		id_tipo INT (10) NOT NULL,
		id_paciente INT (10) NOT NULL,
		id_sintoma INT (10) NOT NULL,
        fecha DATE NOT NULL,
		PRIMARY KEY (id),
		FOREIGN KEY (id_tipo) REFERENCES tipo_diagnostico(id),
		FOREIGN KEY (id_paciente) REFERENCES persona(id),
		FOREIGN KEY (id_sintoma) REFERENCES sintoma(id)
	);	
	-- ------------------------------------------------------------------------------ --

	-- TABLAS ORIENTADAS A RELACIONES DE TABLAS ------------------------------------- --
	CREATE TABLE paciente_sufre (
		id_sintoma INT (10) NOT NULL,
		id_paciente INT (10) NOT NULL,
		PRIMARY KEY (id_sintoma, id_paciente),
		FOREIGN KEY (id_sintoma) REFERENCES sintoma(id),
		FOREIGN KEY (id_paciente) REFERENCES persona(id)
	);

	CREATE TABLE sintoma_compone (
		id_sintoma INT (10) NOT NULL,
		id_patologia INT (10) NOT NULL,
		PRIMARY KEY (id_sintoma, id_patologia),
		FOREIGN KEY (id_sintoma) REFERENCES sintoma(id),
		FOREIGN KEY (id_patologia) REFERENCES patologia(id)
	);

	CREATE TABLE peticion (
		id_paciente INT (10) NOT NULL,
		id_medico INT (10) NOT NULL,
		estado BOOLEAN NOT NULL,
		motivo VARCHAR (128),
		fechaHoraInicio DATETIME NOT NULL,
		fechaHoraFin DATETIME,
		PRIMARY KEY (id_paciente, id_medico),
		FOREIGN KEY (id_paciente) REFERENCES persona(id),
		FOREIGN KEY (id_medico) REFERENCES persona(id)
	);

	CREATE TABLE verifica (
		id_tentativo INT (10), 
		id_medico INT (10) NOT NULL,
		PRIMARY KEY (id_tentativo),
		FOREIGN KEY (id_tentativo) REFERENCES diagnostico(id),
		FOREIGN KEY (id_medico) REFERENCES persona(id)
	);

	CREATE TABLE conversa (
		id_paciente INT (10),
		id_medico INT (10),
		id_mensaje INT (10),
		id_sala INT (10) NOT NULL,
		PRIMARY KEY (id_paciente, id_medico, id_mensaje),
		FOREIGN KEY (id_paciente) REFERENCES persona(id),
		FOREIGN KEY (id_medico) REFERENCES persona(id),
		FOREIGN KEY (id_mensaje) REFERENCES mensaje(id),
		FOREIGN KEY (id_sala) REFERENCES salaChat(id)
	);
	-- ------------------------------------------------------------------------------ --

	-- TABLAS ORIENTADAS A TABLAS CON COLUMNAS DE VALOR MULTIVALUADO ---------------  --
	CREATE TABLE cel_paciente(
		id_paciente INT (10),
		celular VARCHAR (16),
		PRIMARY KEY (id_paciente, celular),
		FOREIGN KEY (id_paciente) REFERENCES persona(id)
	);

	CREATE TABLE cel_empleado (
		id_empleado INT (10),
		celular VARCHAR (16),
		PRIMARY KEY (id_empleado, celular),
		FOREIGN KEY (id_empleado) REFERENCES persona(id)
	);
	-- ------------------------------------------------------------------------------ --
-- FIN DE CREACIÓN DE TABLAS - (2) -------------------------------------------------- --

-- 3. INSERCCIÓN DE DATOS ------------------------------------------------------------ --
INSERT INTO departamento (id, nombre) VALUES
(1, 'Canelones'),
(2, 'Maldonado'),
(3, 'Rocha'),
(4, 'Treinta y tres'),
(5, 'Cerro largo'),
(6, 'Rivera'),
(7, 'Artigas'),
(8, 'Salto'),
(9, 'Paysandou'),
(10, 'Rio negro'),
(11, 'Soriano'),
(12, 'Colonia'),
(13, 'San jose'),
(14, 'Flores'),
(15, 'Florida'),
(16, 'Lavalleja'),
(17, 'Durazno'),
(18, 'Tacuarembo'),
(19, 'Montevideo');

INSERT INTO ciudad (id, nombre, id_dpto) VALUES
(1, 'Montevideo', 19),
(2, 'Rivera', 6),
(3, 'Punta del Este', 2),
(4, 'Salto', 8),
(5, 'Paysandú', 9),
(6, 'Melo', 5),
(7, 'Maldonado', 2),
(8, 'Tacuarembó', 18),
(9, 'Mercedes', 11),
(10, 'Artigas', 7),
(11, 'Minas', 16),
(12, 'San José', 13),
(13, 'Durazno', 17),
(14, 'Florida', 15),
(15, 'Treinta y Tres', 4),
(16, 'Rocha', 3),
(17, 'Fray Bentos', 10),
(18, 'Bella Unión', 7),
(19, 'Colonia del Sacramento', 12),
(20, 'Trinidad', 14),
(21, 'Canelones', 1),
(22, 'Carmelo', 12),
(23, 'Santa Lucía', 1),
(24, 'Paso de los Toros', 17),
(25, 'Castillos', 3),
(26, 'Tranqueras', 6),
(27, 'Lascano', 3),
(28, 'Vergara', 4),
(29, 'La Paloma', 3),
(30, 'Aiguá', 2),
(31, 'Baltasar Brum', 7),
(32, 'José Batlle y Ordóñez', 16);


INSERT INTO mensaje (id, texto, hora) VALUES
(1, 'Buenas en que la puedo ayudar', '20:08:00'),
(2, 'Hola que tal, se me diagnosticó Asma bronquial y quisiera saber si ese diagnóstico es correcto', '20:09:00'),
(3, 'Entendido, verificaré el diagnostico y le diré mi opinión', '20:09:30'),
(4, 'He verificado el diagnóstico tentativo y es correcto, usted padece Asma bronquial', '20:11:00'),
(5, 'Al finalizar el chat se le indicarán los tratamientos que puede seguir', '20:12:00'),
(6, 'Algo más que desee consultar?', '20:12:10'),
(7, 'No, todo claro', '20:13:00'),
(8, 'Muy bien, que tenga un buen dia', '20:14:00'),
(9, 'Hasta luego', '20:14:25'),
(10, 'Buenas en que lo puedo ayudar', '09:04:00'),
(11, 'Hola que tal, se me diagnosticó Neumonía y quisiera saber si ese diagnóstico es correcto', '09:05:00'),
(12, 'Entendido, verificaré el diagnostico y le diré mi opinión', '09:05:50'),
(13, 'He verificado el diagnóstico tentativo y es equívoco, usted padece Asma bronquial', '09:08:00'),
(14, 'Al finalizar el chat se le indicarán los tratamientos que puede seguir', '09:09:00'),
(15, 'Algo más que desee consultar?', '09:10:00'),
(16, 'No, gracias', '09:11:00'),
(17, 'Muy bien, que tenga un buen dia', '09:11:25'),
(18, 'Hasta luego', '09:12:00'),
(19, 'Buenas en que lo puedo ayudar', '11:06:00'),
(20, 'Hola que tal, se me diagnosticó Artritis y quisiera saber si ese diagnóstico es correcto', '11:07:00'),
(21, 'Entendido, verificaré el diagnostico y le diré mi opinión', '11:07:54'),
(22, 'He verificado el diagnóstico tentativo y es correcto, usted padece Artritis', '11:08:00'),
(23, 'Al finalizar el chat se le indicarán los tratamientos que puede seguir', '11:08:59'),
(24, 'Algo más que desee consultar?', '11:09:00'),
(25, 'No, muchas gracias', '11:10:00'),
(26, 'Muy bien, que tenga un buen dia', '11:10:26'),
(27, 'Hasta luego', '11:11:00'),
(28, 'Buenas en que la puedo ayudar', '23:38:00'),
(29, 'Hola que tal, se me diagnosticó Nefropatía crónica y quisiera saber si ese diagnóstico es correcto', '23:39:00'),
(30, 'Entendido, verificaré el diagnostico y le diré mi opinión', '23:39:50'),
(31, 'He verificado el diagnóstico tentativo y es equívoco, usted padece Tendinitis', '23:43:00'),
(32, 'Al finalizar el chat se le indicarán los tratamientos que puede seguir', '23:44:00'),
(33, 'Algo más que desee consultar?', '23:45:00'),
(34, 'No, todo claro', '23:46:00'),
(35, 'Excelente, que tenga un buen dia', '23:47:00'),
(36, 'Hasta luego', '23:47:40'),
(37, 'Buenas en que lo puedo ayudar', '06:59:00'),
(38, 'Hola que tal, se me diagnosticó Bronquitis y quisiera saber si ese diagnóstico es correcto', '07:00:00'),
(39, 'Entendido, verificaré el diagnostico y le diré mi opinión', '07:01:00'),
(40, 'He verificado el diagnóstico tentativo y es correcto, usted padece Bronquitis', '07:04:00'),
(41, 'Al finalizar el chat se le indicarán los tratamientos que puede seguir', '07:05:00'),
(42, 'Algo más que desee consultar?', '07:05:20'),
(43, 'No, gracias', '07:06:00'),
(44, 'Perfecto, que tenga un buen dia', '07:07:00'),
(45, 'Hasta luego', '07:07:54'),
(46, 'Buenas en que lo puedo ayudar', '14:26:00'),
(47, 'Hola que tal, se me diagnosticó Leucemia y quisiera saber si ese diagnóstico es correcto', '14:27:00'),
(48, 'Entendido, verificaré el diagnostico y le diré mi opinión', '14:27:30'),
(49, 'He verificado el diagnóstico tentativo y es equívoco, usted padece Tuberculosis', '14:30:00'),
(50, 'Al finalizar el chat se le indicarán los tratamientos que puede seguir', '14:31:00'),
(51, 'Algo más que desee consultar?', '14:31:50'),
(52, 'Si, cuan mortal es la tuberculosis?', '14:32:00'),
(53, 'Tiene un 30% de riesgo de muerte', '14:34:00'),
(54, 'Gracias por contestarme, no tengo más dudas', '14:35:00'),
(55, 'Muy bien, que tenga un buen dia', '14:36:00'),
(56, 'Hasta luego', '14:36:25'),
(57, 'Buenas en que la puedo ayudar', '19:03:00'),
(58, 'Hola que tal, se me diagnosticó Bronquitis y quisiera saber si ese diagnóstico es correcto', '19:04:00'),
(59, 'Entendido, verificaré el diagnostico y le diré mi opinión', '19:05:00'),
(60, 'He verificado el diagnóstico tentativo y es correcto, usted padece Bronquitis', '19:07:00'),
(61, 'Al finalizar el chat se le indicarán los tratamientos que puede seguir', '19:08:00'),
(62, 'Algo más que desee consultar?', '19:08:24'),
(63, 'No, todo claro', '19:09:00'),
(64, 'Perfecto, que tenga un buen dia', '19:10:00'),
(65, 'Hasta luego', '19:10:25'),
(66, 'Buenas en que la puedo ayudar', '17:18:00'),
(67, 'Hola que tal, se me diagnosticó Conjuntivitis y quisiera saber si ese diagnóstico es correcto', '17:19:00'),
(68, 'Entendido, verificaré el diagnostico y le diré mi opinión', '17:20:00'),
(69, 'He verificado el diagnóstico tentativo y es correcto, usted padece Conjuntivitis', '17:24:00'),
(70, 'Al finalizar el chat se le indicarán los tratamientos que puede seguir', '17:25:00'),
(71, 'Algo más que desee consultar?', '17:26:00'),
(72, 'No, muchas gracias', '17:27:00'),
(73, 'Muy bien, que tenga un buen dia', '17:28:00'),
(74, 'Hasta luego', '17:28:30'),
(75, 'Buenas en que lo puedo ayudar', '17:18:00'),
(76, 'Hola que tal, se me diagnosticó Diabetes tipo 1 y quisiera saber si ese diagnóstico es correcto', '17:19:00'),
(77, 'Entendido, verificaré el diagnostico y le diré mi opinión', '17:20:00'),
(78, 'He verificado el diagnóstico tentativo y es equívoco, usted padece Cataratas', '17:26:00'),
(79, 'Al finalizar el chat se le indicarán los tratamientos que puede seguir', '17:27:00'),
(80, 'Algo más que desee consultar?', '17:27:30'),
(81, 'No, todo claro', '17:28:00'),
(82, 'Muy bien, que tenga un buen dia', '17:29:00'),
(83, 'Hasta luego', '17:29:30'),
(84, 'Buenas en que la puedo ayudar', '13:13:00'),
(85, 'Hola que tal, se me diagnosticó Tracoma y quisiera saber si ese diagnóstico es correcto', '13:14:00'),
(86, 'Entendido, verificaré el diagnostico y le diré mi opinión', '13:15:00'),
(87, 'He verificado el diagnóstico tentativo y es correcto, usted padece Cataratas', '13:16:00'),
(88, 'Al finalizar el chat se le indicarán los tratamientos que puede seguir', '13:17:00'),
(89, 'Algo más que desee consultar?', '13:17:32'),
(90, 'No, gracias', '13:18:00'),
(91, 'Muy bien, que tenga un buen dia', '13:19:00'),
(92, 'Hasta luego', '13:19:36'),
(93, 'Buenas en que la puedo ayudar', '07:31:00'),
(94, 'Hola que tal, se me diagnosticó Disfagia y quisiera saber si ese diagnóstico es correcto', '07:32:00'),
(95, 'Entendido, verificaré el diagnostico y le diré mi opinión', '07:33:00'),
(96, 'He verificado el diagnóstico tentativo y es correcto, usted padece Disfagia', '07:36:00'),
(97, 'Al finalizar el chat se le indicarán los tratamientos que puede seguir', '07:37:00'),
(98, 'Algo más que desee consultar?', '07:38:00'),
(99, 'No, muchas gracias', '07:38:20'),
(100, 'Excelente, que tenga un buen dia', '07:39:00'),
(101, 'Hasta luego', '07:39:46'),
(102, 'Buenas en que lo puedo ayudar', '16:09:00'),
(103, 'Hola que tal, se me diagnosticó Disfagia y quisiera saber si ese diagnóstico es correcto', '16:10:00'),
(104, 'Entendido, verificaré el diagnostico y le diré mi opinión', '16:11:00'),
(105, 'He verificado el diagnóstico tentativo y es correcto, usted padece Disfagia', '16:16:00'),
(106, 'Al finalizar el chat se le indicarán los tratamientos que puede seguir', '16:17:00'),
(107, 'Algo más que desee consultar?', '16:18:00'),
(108, 'Si, es mortal?', '16:18:40'),
(109, 'Tiene un riesgo medio de muerte si no se siguen los tratamientos', '16:19:00'),
(110, 'Está bien, gracias por responder, no tengo más preguntas', '16:20:00'),
(111, 'Muy bien, que tenga un buen dia', '16:21:00'),
(112, 'Hasta luego', '16:21:30'),
(113, 'Buenas en que la puedo ayudar', '06:01:00'),
(114, 'Hola que tal, se me diagnosticó Fibrosis pulmonar y quisiera saber si ese diagnóstico es correcto', '06:02:00'),
(115, 'Entendido, verificaré el diagnostico y le diré mi opinión', '06:03:00'),
(116, 'He verificado el diagnóstico tentativo y es correcto, usted padece Fibrosis pulmonar', '06:08:00'),
(117, 'Al finalizar el chat se le indicarán los tratamientos que puede seguir', '06:09:00'),
(118, 'Algo más que desee consultar?', '06:10:00'),
(119, 'No, todo claro gracias', '06:11:00'),
(120, 'Muy bien, que tenga un buen dia', '06:12:00'),
(121, 'Hasta luego', '06:12:32'),
(122, 'Buenas en que la puedo ayudar', '21:13:00'),
(123, 'Hola que tal, se me diagnosticó Diabétes tipo 1 y quisiera saber si ese diagnóstico es correcto', '21:14:00'),
(124, 'Entendido, verificaré el diagnostico y le diré mi opinión', '21:15:00'),
(125, 'He verificado el diagnóstico tentativo y es correcto, usted padece Diabétes tipo 1', '21:18:00'),
(126, 'Al finalizar el chat se le indicarán los tratamientos que puede seguir', '21:19:00'),
(127, 'Algo más que desee consultar?', '21:20:00'),
(128, 'No, gracias', '21:21:00'),
(129, 'Excelente, que tenga un buen dia', '21:22:00'),
(130, 'Hasta luego', '21:22:30');

INSERT INTO prioridad (id, nombre) VALUES
(1, 'Alta'),
(2, 'Media'),
(3, 'Baja');

INSERT INTO patologia (id, id_prioridad, nombre, descripcion, indiceMortalidad) VALUES
(1, 2, 'Nefropatía crónica', 'La enfermedad renal crónica, también llamada insuficiencia renal crónica, describe la pérdida gradual de la función renal.', 30),
(2, 2, 'Diabetes tipo 1', 'La diabetes tipo 1 es un trastorno crónico en el cual el páncreas produce muy poca insulina o directamente no la produce.', 15),
(3, 3, 'Cataratas', 'Una catarata es una opacidad de la transparencia normal del cristalino del ojo.', 1),
(4, 2, 'Neumonia', 'La neumonía es una infección que inflama los sacos aéreos de uno o ambos pulmones.', 15),
(5, 2, 'Retinopatia diabetica', 'La retinopatía diabética es una complicación de la diabetes que afecta los ojos. Es causada por el daño a los vasos sanguíneos.', 20),
(6, 1, 'Diabetes tipo 2', 'La diabetes de tipo 2 es un trastorno crónico que afecta la manera en la cual el cuerpo metaboliza el azúcar.', 40),
(7, 3, 'Asma bronquial', 'El asma es una afección en la que se estrechan y se hinchan las vías respiratorias, lo cual produce mayor mucosidad.', 8),
(8, 2, 'Colera', 'El cólera es una enfermedad bacteriana que, por lo general, se propaga a través del agua contaminada.', 30),
(9, 1, 'Leucemia', 'La leucemia es el cáncer de los tejidos que forman la sangre en el organismo, incluso la médula ósea y el sistema linfático.', 51),
(10, 3, 'Artritis', 'La artritis es la hinchazón y la sensibilidad de una o más de las articulaciones.', 1),
(11, 3, 'Parkinson', 'La enfermedad de Parkinson es una enfermedad progresiva del sistema nervioso que afecta el movimiento.', 1),
(12, 1, 'Linfoma', 'El linfoma es un tipo de cáncer del sistema linfático, que es parte de la red del organismo que combate los gérmenes.', 75),
(13, 1, 'Fiebre amarilla', 'La fiebre amarilla es una infección viral que transmite un tipo particular de mosquito, frecuente en Africa y Sudamerica.', 50),
(14, 1, 'Fibrosis pulmonar', 'La fibrosis pulmonar es una enfermedad pulmonar que se produce cuando el tejido pulmonar se daña y se producen cicatrices.', 45),
(15, 3, 'Migraña', 'La migraña puede causar un dolor pulsátil intenso o una sensación de latido en la cabeza, generalmente de un solo lado.', 2),
(16, 3, 'Mononucleosis', 'El virus que causa la mononucleosis se transmite por la saliva.', 3),
(17, 2, 'Zika', 'La enfermedad por el virus del Zika es una infección viral transmitida por los mosquitos.', 15),
(18, 3, 'Hepatitis A', 'La hepatitis A es una infección del hígado sumamente contagiosa causada por el virus de la hepatitis A.', 5),
(19, 2, 'Hepatitis B', 'La hepatitis B es una infección hepática grave causada por el virus VHB.', 22),
(20, 2, 'Hepatitis C', 'La hepatitis C es una infección vírica que causa inflamación del hígado, lo que a veces conduce a un daño hepático grave.', 30),
(21, 3, 'Conjuntivitis', 'La conjuntivitis es una inflamación o una infección en la membrana transparente que recubre el párpado y el globo ocular.', 0),
(22, 1, 'Bronquitis', 'La bronquitis es una inflamación del revestimiento de los bronquios que llevan el aire hacia adentro y fuera de los pulmones.', 40),
(23, 3, 'Pancreatitis', 'La pancreatitis es inflamación en el páncreas.', 8),
(24, 1, 'Sindrome nefrotico', 'El síndrome nefrótico es un trastorno renal que hace que el cuerpo excrete demasiadas proteínas en la orina.', 5),
(25, 3, 'Sinusitis aguda', 'La sinusitis aguda hace que los espacios dentro de la nariz (senos paranasales) se inflamen e hinchen.', 5),
(26, 3, 'Siringomielia', 'La siringomielia es el desarrollo de un quiste lleno de líquido dentro de la médula espinal.', 5),
(27, 1, 'Sindrome pulmonar por hantavirus', 'El síndrome pulmonar por hantavirus es una enfermedad infecciosa caracterizada por síntomas similares a la influenza.', 40),
(28, 3, 'Tracoma', 'El tracoma es una infección bacteriana que afecta los ojos. Se produce por la bacteria Chlamydia trachomatis.', 0),
(29, 2, 'Tuberculosis', 'La bacteria suele atacar los pulmones, pero puede también dañar otras partes del cuerpo.', 30),
(30, 3, 'Ganglion', 'Los quistes ganglionares son bultos no cancerosos ,con frecuencia se forman a lo largo de los tendones o de las articulaciones.', 0),
(31, 1, 'Gangrena', 'La gangrena es la muerte de tejido corporal como consecuencia de la falta de irrigación sanguínea o de una infección bacteriana.', 40),
(32, 2, 'Gastritis', 'La gastritis es un término general para un grupo de enfermedades con un punto en común: la inflamación del estómago.', 20),
(33, 3, 'Glaucoma', 'El glaucoma es un grupo de afecciones oculares que dañan el nervio óptico, cuya salud es vital para tener una buena vista.', 5),
(34, 2, 'Vasculitis', 'La vasculitis es la inflamación de los vasos sanguíneos. Provoca cambios en las paredes de los vasos sanguíneos.', 30),
(35, 1, 'VIH', 'El síndrome de inmunodeficiencia adquirida es una afección crónica que puede poner en riesgo la vida. ', 55),
(36, 1, 'Rabia', 'La rabia es un virus mortal que se propaga a las personas a través de la saliva de animales infectados.', 99),
(37, 3, 'Atelectasia', 'La atelectasia es un colapso completo o parcial del pulmón entero o de una parte (lóbulo) del pulmón.', 8),
(38, 3, 'Diarrea', 'La diarrea (deposiciones blandas, líquidas y posiblemente más frecuentes) es un problema común.', 3),
(39, 2, 'Disfagia', 'Es la dificultad para tragar.', 30),
(40, 3, 'Tendinitis', 'La tendinitis es la inflamación o la irritación de un tendón, las cuerdas fibrosas que unen el músculo al hueso.', 1);

INSERT INTO tipo_persona (id, nombre) VALUES
(1, 'Administrador'),
(2, 'Medico'),
(3, 'Paciente');

INSERT INTO persona (id, ci, primerNom, segundoNom, primerApe, segundoApe, genero, fechaNacimiento, email, calle, npuerta, id_ciudad, habilitado, id_tipo, especialidad, usuario, contrasena, pin) VALUES
(1, 4606718, 'Julia', 'Leila', 'Howe', 'Perry', 'M', '1959-05-10', 'Maecenas.libero@gmail.com', 'Quisque', 1538, 2, NULL, 2, 'Ginecologa', 'jul59', '681nlo', NULL),
(2, 3557076, 'Beverly', NULL, 'Riley', 'Contreras', 'M', '1999-09-26', 'nulla.at.sem@hotmail.com', 'Vivamus', 4995, 5, 1, 3, NULL, NULL, NULL, NULL),
(3, 2839922, 'Anastasia', 'Jaquelyn', 'Crado', 'Kiss', 'M', '1946-11-10', 'lobortis.tellus.justo@gmail.com', 'Ariel', 5999, 6, NULL, 1, NULL, 'admintata16', '14adhj', 2006),
(4, 4133638, 'Oscar', 'Spencer', 'Rodriguez', 'Yang', 'H', '2002-07-20', 'nec@utpharetra.net', 'Box', 8500, 10, 0, 3, NULL, NULL, NULL, NULL),
(5, 1432111, 'Alexander', 'Marcelo', 'Coper', 'Wallace', 'H', '1967-05-16', 'ultrices.sit@egestaslacinia.com', 'Oncativo', 5943, 1, 1, 3, NULL, NULL, NULL, NULL),
(6, 2204067, 'Nicole', NULL, 'Ocampos', 'Vinson', 'M', '1986-07-27', 'ultrices.sit.amet@Integer.net', 'Malesuada', 4229, 1, 1, 3, NULL, NULL, NULL, NULL),
(7, 5666113, 'Pedro', 'Ivan', 'Casilla', 'Woodward', 'H', '2000-05-03', 'mauris.ut@justonecante.com', 'Elementum', 6006, 1, 1, 3, NULL, NULL, NULL, NULL),
(8, 4280732, 'Joaquin', 'Sebastian', 'Monroe', 'Diaz', 'H', '1995-06-21', 'Integer.id.magna@parturient.com', 'Facilisis', 8334, 1, 1, 3, NULL, NULL, NULL, NULL),
(9, 3156712, 'Camila', NULL, 'Perez', 'Roy', 'M', '1985-11-11', 'tristique.aliquet@inceptos.com', 'Av. Italia', 9062, 1, 1, 3, NULL, NULL, NULL, NULL),
(10, 6149604, 'Micaela', 'Julieta', 'Foster', 'Bowman', 'M', '1979-07-18', 'sociosqu.ad.litora@gmail.com', 'Lacinia', 9988, 6, NULL, 2, 'Oftalmologa', 'jul79', 'qn96v3', NULL),
(11, 5224198, 'Erik', 'Carlos', 'Rice', 'Carpe', 'H', '1966-12-26', 'non.luctus.sit@lacusvarius.org', 'Parturient', 7016, 17, NULL, 2, 'Otorrinolaringólogo', 'ric66', 'v13t35', NULL),
(12, 3208289, 'Thadeo', 'Juan', 'Guerrero', 'Tran', 'H', '1975-02-11', 'amet.ornare.lectus@facilisis.com', 'Temperley', 1078, 22, NULL, 2, 'Cardiologa', 'tran75', 'uw148j', NULL),
(13, 4596088, 'Aldo', NULL, 'Barrios', 'Lopez', 'H', '1979-03-17', 'tincidunt.adipiscing@egetvenenatis.ca', 'Av. Rivera', 4235, 25, NULL, 2, 'Medicina General', 'aldo79', 'b8o4bw', NULL),
(14, 6663503, 'Guillermo', 'José', 'Rige', 'Gentry', 'H', '2001-06-03', 'nec.leo.Morbi@iaculis.net', 'Magna', 3339, 28, NULL, 2, 'Neurologo', 'rig01', 'y07b46', NULL),
(15, 6695371, 'Lydia', 'Emilia', 'Colinas', 'Campos', 'M', '1974-09-11', 'egestas@liberoestcongue.org', 'Libero', 8243, 1, NULL, 2, 'Neumologa', 'lyd74', 'me4a6c', NULL),
(16, 4068858, 'Javier', NULL, 'Park', 'Welch', 'H', '2000-07-13', 'odio.Aliquam.vulputate@dapibusidblandit.edu', 'Augue', 8682, 1, NULL, 2, 'Gastroenterologo', 'jav20', 'kvs6hk', NULL),
(17, 5114430, 'Santiago', NULL, 'Garcia', 'Mercado', 'H', '1978-10-04', 'nisl.sem@velesttempor.com', 'Dolor', 7158, 16, NULL, 2, 'Infectologo', 'san78', 'n3a71h', NULL),
(18, 3038135, 'Melanie', NULL, 'Burris', 'Crane', 'M', '1992-04-07', 'gravida@purusmaurisa.com', 'Aliquam', 4621, 2, NULL, 2, 'Neurologo', 'mel92', 'eo2161', NULL),
(19, 3845826, 'Kevin', 'Ricardo', 'Alfonso', 'Perry', 'H', '1972-11-11', 'bibendum.sed@dolor.edu', 'Amet', 2092, 28, NULL, 2, 'Proctologo', 'kev72', '3j7yc7', NULL),
(20, 5185760, 'Vincente', NULL, 'Sanders', 'Chavez', 'H', '1977-01-16', 'eget.metus@vulputate.edu', 'Egestas', 6922, 1, NULL, 2, 'Reumatologo', 'vic77', '55j9in', NULL),
(21, 1298681, 'Ruby', NULL, 'Walto', 'Buker', 'H', '2003-07-20', 'Lorem.ipsum@gmail.com', 'Bell', 4789, 7, 1, 3, NULL, NULL, NULL, NULL),
(22, 4244423, 'Benjamin', 'Lucas', 'Norris', 'Ryan', 'H', '2002-12-10', 'dis.parturient.montes@htomail.com', 'Palermo', 1333, 12, 1, 3, NULL, NULL, NULL, NULL),
(23, 4925527, 'Mia', 'Lana', 'Velazquez', 'Glover', 'M', '2014-01-11', 'arcu@mauris.edu.uy', 'Siracusa', 8742, 31, 1, 3, NULL, NULL, NULL, NULL),
(24, 2113795, 'Eleanor', NULL, 'Casey', 'Haynes', 'M', '1960-10-04', 'sagittis.Nullam.vitae@elementumategestas.org', 'Calle 3', 2284, 25, 1, 3, NULL, NULL, NULL, NULL),
(25, 5367691, 'Martin', 'Brian', 'Mcdowell', 'Mileto', 'H', '1944-01-23', 'molestie.pharetra.nibh@enimMauris.com', 'Orinoco', 4434, 23, 1, 3, NULL, NULL, NULL, NULL),
(26, 1161827, 'Kalani', NULL, 'Hilikiler', 'Mope', 'M', '2009-05-26', 'non.dui@tinciduntcongueturpis.org', 'Calle 4', 5638, 21, 1, 3, NULL, NULL, NULL, NULL),
(27, 6865147, 'Mariela', 'Jasmine', 'Nicholson', 'Stephens', 'M', '1980-04-02', 'mi@erosProinultrices.edu', 'Arocena', 5050, 6, 1, 3, NULL, NULL, NULL, NULL),
(28, 6215711, 'Neville', 'Sean', 'Rice', 'Mills', 'H', '1985-05-11', 'velit.Quisque@nibh.edu', 'Av. Sayago', 4469, 16, 1, 3, NULL, NULL, NULL, NULL),
(29, 3972336, 'Wilson', NULL, 'Da Silva', 'Ferreira', 'H', '2001-03-06', 'nisl@aliquam.net', 'Av.Millán', 8976, 28, 1, 3, NULL, NULL, NULL, NULL),
(30, 1638544, 'Santiago', 'Nahuel', 'Hernandez', 'Rios', 'H', '1982-07-23', 'enim.non@tortor.com', 'Av.Italia', 9356, 1, 1, 3, NULL, NULL, NULL, NULL),
(31, 1840486, 'Facundo', 'Ezequiel', 'Ibañez', 'Martinez', 'H', '1967-06-30', 'fringilla@aauctornon.co.uk', 'Aconcagua', 3021, 4, 1, 3, NULL, NULL, NULL, NULL),
(32, 2411523, 'Marcelo', 'Usbo', 'Nelson', 'Alegre', 'H', '1992-10-19', 'ac.risus@a.ca', 'Av José Batlle y Ordóñez', 9699, 7, 1, 3, NULL, NULL, NULL, NULL),
(33, 4142032, 'Anika', NULL, 'Fitzpatrick', 'Gray', 'M', '1961-02-17', 'nisl@dictum.edu', 'Echeverria', 4638, 9, 1, 3, NULL, NULL, NULL, NULL),
(34, 5305183, 'Hermione', 'Deirdre', 'Cochran', 'Bright', 'M', '1988-03-02', 'posuere.vulputate.lacus@feugiatSednec.co.uk', 'Antonio María Márquez', 8737, 6, NULL, 2, 'Nefrología', 'herma53', 'ion44e', NULL),
(35, 5388472, 'Sierra', NULL, 'Petersen', 'Sims', 'M', '1993-04-26', 'non.bibendum@estarcuac.edu', 'Sargento Patricio', 3232, 10, NULL, 2, 'Reumatología', 'sen555', 'sie472', NULL),
(36, 3720102, 'Rodrigo', 'Jonah', 'Hull', 'Little', 'H', '1966-08-13', 'vel@mitemporlorem.org', 'Av. Eugenio Garzón', 8205, 11, NULL, 2, 'Pediatría', 'rodr09', 'jon454', NULL),
(37, 5544021, 'Harrison', NULL, 'Mayo', 'Wyatt', 'H', '1961-03-30', 'nunc.nulla.vulputate@semperauctor.co.uk', 'Cno Gral Maximo Santos', 6156, 22, NULL, 2, 'Neurología', 'harr56', 'mayd66', NULL),
(38, 2018614, 'Keaton', 'Lydia', 'Howell', 'Conley', 'M', '1976-01-13', 'elit.elit.fermentum@Loremipsum.edu', 'Av. 18 de Julio', 8020, 23, NULL, 2, 'Gastroenterología', 'keat12', 'ho4k55', NULL),
(39, 4086563, 'Gwendolyn', 'Lawrence', 'Horne', 'Puckett', 'H', '1964-07-28', 'varius.et.euismod@sodales.org', 'Calle 2', 4516, 6, NULL, 2, 'Alergología', 'lynlaw', 'lyn6h63', NULL),
(40, 4721360, 'Isaac', 'Joshua', 'Calhoun', 'Mercado', 'H', '1962-09-17', 'vulputate@etultrices.co.uk', 'Confederada', 2259, 31, NULL, 2, 'Angiología', 'isacc4', 'is5a4c', NULL),
(41, 3594744, 'Germaine', 'Emma', 'Pate', 'Rollins', 'M', '1972-06-22', 'vel@Donec.com', 'Carafí', 7584, 1, NULL, 2, 'Hepatología', 'emma44', 'em4am4', NULL),
(42, 4160504, 'Braian', NULL, 'Mccray', 'Odonnell', 'H', '1978-09-25', 'eleifend.egestas@ametrisus.net', 'Turpis Avenue', 2318, 1, NULL, 1, NULL, 'bra78', '0h56i6', 2534),
(43, 5195681, 'Nicole', 'Silvia', 'Buchanan', 'Ferreira', 'M', '1987-07-16', 'vel.est@amalesuada.org', 'Mollis', 1834, 25, NULL, 1, NULL, 'nic78', 's7m4qf', 5234),
(44, 2542345, 'Melanie', 'Yennifer', 'Warren', 'Hart', 'M', '1964-12-06', 'Cras@ultricesmaurisipsum.edu', 'Velodromo', 9443, 20, NULL, 1, NULL, 'mel64', '84ulkc', 6324),
(45, 4527576, 'Amanda', 'Yoko', 'Morales', 'Pacheco', 'M', '1992-04-14', 'Curabitur@necmollis.org', 'Av. Molestie', 7292, 1, NULL, 1, NULL, 'ama92', 'clfv8w', 1523),
(46, 3970678, 'Karen', NULL, 'Blevins', 'Colon', 'M', '1976-12-22', 'cursus.diam@elitNulla.org', 'Gravida', 8878, 30, NULL, 1, NULL, 'kar76', 'g3b57t', 4234),
(47, 3271525, 'Ignacio', NULL, 'Sosa', 'Rose', 'H', '1990-02-16', 'dapibus.rutrum@dictum.org', 'Purus', 6339, 29, NULL, 1, NULL, 'ign90', 'b619jo', 2315),
(48, 4568360, 'Maximiliano', 'Xerxes', 'Louise', 'Velazquez', 'H', '1984-12-30', 'per.inceptos.hymenaeos@acturpisegestas.com', 'Av. giannatasio', 3960, 1, NULL, 1, NULL, 'max84', 'p9u4rn', 5214),
(49, 2150312, 'Cesar', 'Carter', 'Villarreal', 'Oconnor', 'H', '1993-08-17', 'faucibus@eleifendegestasSed.net', 'Jose belloni', 2057, 22, NULL, 1, NULL, 'ces93', 'xir00p', 9089),
(50, 3563054, 'Enzo', 'Vincente', 'Antoñoni', 'Mcmillan', 'H', '1968-01-05', 'euismod@nectempusmauris.net', 'Av. Egestas', 7865, 3, NULL, 1, NULL, 'enz68', 'ah9fx5', 8669);


INSERT INTO region (id, nombre) VALUES
(1, 'Cabeza'),
(2, 'Ojos'),
(3, 'Orejas'),
(4, 'Nariz'),
(5, 'Cavidad oral'),
(6, 'Cuello o garganta'),
(7, 'Pecho'),
(8, 'Brazo'),
(9, 'Parte superior del abdomen'),
(10, 'Abdomen medio'),
(11, 'Antebrazo'),
(12, 'Mano'),
(13, 'Parte baja del abdomen'),
(14, 'Genitales'),
(15, 'Muslo'),
(16, 'Rodilla'),
(17, 'Parte inferior de la pierna'),
(18, 'Pie'),
(19, 'Espalda');

INSERT INTO sintoma (id, id_region, descripcion) VALUES
(1, 7, 'Disnea'),
(2, 7, 'Dolor en el pecho'),
(3, NULL, 'Insomnio'),
(4, 6, 'Tos'),
(5, NULL, 'Dolor'),
(6, NULL, 'Rigidez'),
(7, NULL, 'Hinchazón'),
(8, NULL, 'Eritema'),
(9, 7, 'Taquipnea'),
(10, 7, 'Sibilancias'),
(11, 4, 'Esputo'),
(12, NULL, 'Fatiga'),
(13, NULL, 'Fiebre'),
(14, NULL, 'Escalofrios'),
(15, 7, 'Dolor torácico'),
(16, 2, 'Prurito'),
(17, 2, 'Legaña'),
(18, 2, 'Epifora'),
(19, 2, 'Perdida de vision'),
(20, 2, 'Fotofobia'),
(21, 2, 'Perdida de colores'),
(22, NULL, 'Diarrea'),
(23, NULL, 'Nauseas'),
(24, 10, 'Dolor abdominal'),
(25, NULL, 'Deshidratacion'),
(26, NULL, 'Incontinencia fecal'),
(27, 6, 'Odinofagia'),
(28, 6, 'Ronquera'),
(29, 10, 'Acidez estomacal'),
(30, NULL, 'Perdida de peso'),
(31, NULL, 'Sed excesiva'),
(32, 14, 'Incontinencia urinaria'),
(33, NULL, 'Dolor muscular'),
(34, NULL, 'Perdida de apetito'),
(35, NULL, 'Dificultad de movilidad de las articulaciones'),
(36, NULL, 'Cambios de color de piel'),
(37, NULL, 'Ampollas en la piel'),
(38, NULL, 'Piel brillante'),
(39, 10, 'Indigestion'),
(40, 2, 'Dolor ocular'),
(41, 14, 'Orina oscura'),
(42, 12, 'Dolor articular'),
(43, NULL, 'Ictericia'),
(44, NULL, 'Hematoma'),
(45, 10, 'Ascitis'),
(46, 1, 'Encefalopatia hepatica'),
(47, NULL, 'Araña vascular'),
(48, NULL, 'Debilidad'),
(49, 6, 'Linfadenopatia'),
(50, NULL, 'Hemofilia'),
(51, NULL, 'Petequia'),
(52, NULL, 'Dolor oseo'),
(53, 2, 'Escotomas'),
(54, 2, 'Fotopsia'),
(55, 6, 'Dolor de garganta'),
(56, 6, 'Sarpullido'),
(57, NULL, 'Erupcion cutanea'),
(58, NULL, 'Presion alta'),
(59, NULL, 'Pulso acelerado'),
(60, 12, 'Temblores'),
(61, 12, 'Perdida de los movimientos'),
(62, NULL, 'Hiperactividad'),
(63, 6, 'Llagas'),
(64, NULL, 'Edema'),
(65, 3, 'Barotraumatismo'),
(66, 5, 'Dolor en los dientes'),
(67, 4, 'Sentido del olfato alterado'),
(68, NULL, 'Atrofia'),
(69, 19, 'Escoliosis'),
(70, 2, 'Inflamacion del parpado'),
(71, 2, 'Ojos rojos'),
(72, 1, 'Dolor de cabeza');

INSERT INTO sintoma_compone (id_sintoma, id_patologia) VALUES
(1, 1),
(1, 4),
(1, 7),
(1, 12),
(1, 14),
(1, 22),
(1, 37),
(2, 7),
(3, 7),
(4, 4),
(4, 7),
(4, 14),
(4, 22),
(4, 25),
(4, 29),
(4, 35),
(4, 37),
(4, 39),
(5, 10),
(5, 30),
(5, 34),
(5, 40),
(6, 10),
(6, 11),
(7, 1),
(7, 10),
(7, 12),
(7, 20),
(7, 31),
(7, 40),
(8, 10),
(8, 21),
(9, 37),
(10, 37),
(11, 22),
(12, 1),
(12, 2),
(12, 4),
(12, 5),
(12, 6),
(12, 12),
(12, 14),
(12, 16),
(12, 18),
(12, 22),
(12, 23),
(12, 24),
(12, 25),
(12, 29),
(12, 34),
(13, 4),
(13, 9),
(13, 12),
(13, 13),
(13, 16),
(13, 17),
(13, 18),
(13, 19),
(13, 22),
(13, 25),
(13, 27),
(13, 29),
(13, 34),
(13, 35),
(13, 36),
(13, 38),
(14, 4),
(14, 9),
(14, 22),
(14, 27),
(14, 29),
(15, 1),
(15, 4),
(15, 22),
(15, 29),
(16, 21),
(18, 21),
(19, 2),
(19, 3),
(19, 5),
(19, 6),
(19, 15),
(19, 33),
(20, 3),
(20, 13),
(20, 28),
(21, 3),
(22, 8),
(23, 1),
(23, 4),
(23, 8),
(23, 13),
(23, 18),
(23, 19),
(23, 23),
(23, 32),
(23, 33),
(23, 36),
(23, 38),
(24, 8),
(24, 13),
(24, 18),
(24, 19),
(24, 23),
(24, 27),
(24, 32),
(24, 36),
(24, 38),
(25, 8),
(26, 38),
(27, 39),
(28, 39),
(29, 39),
(30, 2),
(30, 5),
(30, 6),
(30, 12),
(30, 14),
(30, 29),
(30, 34),
(30, 39),
(31, 2),
(31, 5),
(31, 6),
(32, 2),
(33, 13),
(33, 14),
(33, 16),
(33, 17),
(33, 26),
(33, 35),
(34, 1),
(34, 13),
(34, 18),
(34, 19),
(34, 20),
(34, 29),
(36, 31),
(38, 31),
(39, 32),
(40, 28),
(40, 33),
(41, 18),
(41, 19),
(41, 20),
(42, 18),
(42, 19),
(42, 20),
(43, 20),
(44, 20),
(45, 20),
(46, 20),
(47, 20),
(48, 1),
(48, 9),
(49, 9),
(49, 16),
(50, 9),
(51, 9),
(52, 9),
(53, 15),
(54, 15),
(55, 16),
(55, 35),
(56, 16),
(57, 16),
(57, 17),
(57, 34),
(57, 35),
(58, 1),
(60, 11),
(61, 11),
(62, 36),
(63, 5),
(63, 6),
(64, 24),
(65, 25),
(66, 25),
(67, 25),
(68, 26),
(69, 26),
(70, 28),
(71, 17),
(72, 13),
(72, 16),
(72, 17),
(72, 25),
(72, 26),
(72, 27),
(72, 33),
(72, 34),
(72, 35),
(72, 36);

INSERT INTO tipo_diagnostico (id, nombre) VALUES
(2, 'Definitivo'),
(1, 'Tentativo');

INSERT INTO tratamiento (id, id_patologia, nombre, descripcion, tipo) VALUES
(1, 1, 'Clortalidona', 'La clortalidona es un medicamento diurético utilizado para tratar la hipertensión', 'Medicamento'),
(2, 1, 'Eritropoyetina', ' Proteína segregada, principalmente, por el riñón en el adulto y por el hígado en el feto, que estimula la producción de glóbulo', 'Medicamento'),
(3, 2, 'Insulina', 'Es una hormona polipeptídica formada por 51 aminoácidos,​ producida y secretada por las células beta de los islotes de Langerhan', 'Medicamento'),
(4, 2, 'Aspirina', 'Se utiliza como medicamento para tratar el dolor, la fiebre y la inflamación', 'Medicamento'),
(5, 3, 'Cirugía de cataratas', 'En la cirugía de cataratas se extrae el lente nublado y se reemplaza con un lente artificial transparente', 'Quirurjico'),
(6, 3, 'Gotas oculares', 'Las gotas oculares podrían ayudar a controlar los síntomas de cataratas y le ayudan a ver más claramente hasta que se requiera d', 'Medicamento'),
(7, 4, 'Penicilina', 'Son antibióticos del grupo de los betalactámicos empleados profusamente en el tratamiento de infecciones provocadas por bacteria', 'Medicamento'),
(8, 4, 'Levofloxacino', 'El levofloxacino es un antibiótico del grupo de las quinolonas, más concretamente una fluorquinolona', 'Medicamento'),
(9, 5, 'Fotocoagulación', 'Este tratamiento con láser, también conocido como tratamiento focal con láser, puede detener o disminuir la filtración de sangre', 'Quirurjico'),
(10, 5, 'Vitrectomía', 'En este procedimiento se hace una pequeña incisión en el ojo para extraer la sangre del centro del ojo', 'Quirurjico'),
(11, 6, 'Metformina', 'La metformina, o el preparado comercial clorhidrato de metformina, es un fármaco antidiabético de aplicación oral', 'Medicamento'),
(12, 6, 'Tiazolidinedionas', ' Las tiazolidinedionas mejoran la sensibilidad de los tejidos blancos a la insulina por actuar como agonistas selectivos', 'Medicamento'),
(13, 7, 'Beclometasona', 'La beclomometasona se utiliza para evitar la dificultad para respirar, opresión en el pecho, sibilancia y tos por asma', 'Medicamento'),
(14, 7, 'Teofilina', 'La teofilina se usa para prevenir y tratar las sibilancias, la falta de aliento y la opresión en el pecho', 'Medicamento'),
(15, 8, 'Penicilamina', 'La penicilamina, producto de degradación de la penicilina', 'Medicamento'),
(16, 8, 'Doxiciclina', 'La doxiciclina es un antibiótico del grupo de las tetraciclinas que previene el crecimiento y propagación de las bacterias', 'Medicamento'),
(17, 9, 'Terapia biológica', 'La terapia biológica funciona mediante tratamientos que ayudan a tu sistema inmunitario a reconocer y atacar la leucemia', 'Quirurjico'),
(18, 9, 'Radioterapia', 'La radioterapia usa rayos X u otros haces de alta energía para dañar las células de leucemia y detener su crecimiento', 'Quirurjico'),
(19, 10, 'Tramadol', 'El tramadol es un analgésico de tipo opioide que alivia el dolor actuando sobre células nerviosas', 'Medicamento'),
(20, 10, 'Ibuprofeno', 'El ibuprofeno es un antiinflamatorio no esteroideo', 'Medicamento'),
(21, 11, 'Levodopa', 'Se utiliza principalmente para controlar los síntomas de la enfermedad de Parkinson', 'Medicamento'),
(22, 11, 'Duopas', 'Es una medicina combinada que se usa para tratar los problemas de movimiento en personas con enfermedad de Parkinson avanzado', 'Medicamento'),
(23, 12, 'Terapia de radiación', 'La terapia de radiación utiliza haces de energía de alta potencia, como rayos X y protones', 'Quirurjico'),
(24, 12, 'Trasplante de médula ósea', ' Un trasplante de médula ósea, también conocido como trasplante de células madre, implica el uso de altas dosis de quimioterapia', 'Quirurjico'),
(25, 13, 'Vancomicina', 'La vancomicina es un glucopéptido de estructura compleja que se sintetiza de modo natural por Nocardia orientalis', 'Medicamento'),
(26, 13, 'Transfusion de plasma', 'Las transfusiones de plasma son un tratamiento utilizado con frecuencia para los pacientes graves', 'Quirurjico'),
(27, 14, 'Diatermia', 'Tratamiento que emplea corrientes eléctricas de alta frecuencia para elevar la temperatura de las partes más profundas', 'Quirurjico'),
(28, 14, 'Masoterapia', 'El proceso consigue reducir las adherencias que tenga la cicatriz de la rotura y disminuye ostensiblemente la inflamación', 'Quirurjico'),
(29, 15, 'Acetaminofén', 'Es un medicamento común para aliviar el dolor ligero o moderado de dolores de cabeza', 'Medicamento'),
(30, 15, 'Propranolol', 'Propranolol es el nombre de un fármaco beta bloqueante usado principalmente en el tratamiento de la hipertensión', 'Medicamento'),
(31, 16, 'Ampicilina', 'La ampicilina es un antibiótico betalactámico que ha sido extensamente utilizado para tratar infecciones bacterianas', 'Medicamento'),
(32, 16, 'Amoxicilina', 'La amoxicilina es un antibiótico semisintético derivado de la penicilina', 'Medicamento'),
(33, 17, 'Tylenol', 'e usa para bajar temporalmente la fiebre y para aliviar los dolores menores, como dolores de cabeza, musculares y más', 'Medicamento'),
(34, 17, 'Motrin', 'Es un medicamento antiinflamatorio no esteroide y contiene ibuprofeno', 'Medicamento'),
(35, 18, 'Oseltamivir', 'Oseltamivir es un profármaco antiviral', 'Medicamento'),
(36, 18, 'Zanamivir', 'El zanamivir es un inhibidor de la neuraminidasa', 'Medicamento'),
(37, 19, 'Entecavir', 'Funciona al disminuir la cantidad del virus de la hepatitis B en el cuerpo.', 'Medicamento'),
(38, 19, 'Interferón', 'se administra como una inyección bajo la piel (vía subcutánea), generalmente en el muslo o en el abdomen', 'Medicamento'),
(39, 20, 'Trasplante de hígado', 'Durante un trasplante hepático, el cirujano extrae el hígado dañado y lo reemplaza por uno sano', 'Quirurjico'),
(40, 20, 'Ribavirina', 'La ribavirina también conocida como virazole es un nucleósido sintético en el que la base nitrogenada es la triazolcarboxamida', 'Medicamento'),
(41, 21, 'Lubricante ocular', 'solución oftálmica indicado para el alivio temporal del ardor y la irritación que se manifiesta como consecuencia de la sequedad', 'Medicamento'),
(42, 21, 'Tamiflu', 'Tamiflu contiene oseltamivir, el cual pertenece a un grupo de medicamentos denominados inhibidores de la neuraminidasa', 'Medicamento'),
(43, 22, 'Acetilsalicílico', 'Se utiliza como medicamento para tratar el dolor, la fiebre y la inflamación', 'Medicamento'),
(44, 22, 'Bromhexina', 'La bromhexina es un fármaco que actúa disminuyendo la viscosidad de la mucosidad bronquial facilitando la expectoración', 'Medicamento'),
(45, 23, 'Naproxeno', 'El naproxeno es un medicamento antinflamatorio no esteroideo que se emplea en el tratamiento del dolor leve a moderado', 'Medicamento'),
(46, 23, 'Cirugía de páncreas', 'Es una cirugía para drenar el líquido del páncreas o para eliminar el tejido enfermo', 'Quirurjico'),
(47, 24, 'Diálisis', 'Es un tipo de terapia renal conjuntiva usada para proporcionar un reemplazo artificial', 'Quirurjico'),
(48, 24, 'Trasplante de riñón', 'El trasplante de riñón o trasplante renal es el trasplante de un riñón en un paciente con enfermedad renal avanzada', 'Quirurjico'),
(49, 25, 'Fluticasona', 'Fluticasona es un potente corticosteroide sintético prescrito en el tratamiento del asma y de la rinitis alérgica', 'Medicamento'),
(50, 25, 'Budesónida', 'La budesónida es un medicamento glucocorticoide, de la familia de los corticosteroides', 'Medicamento'),
(51, 26, 'Drenaje de la siringe', 'El médico insertará quirúrgicamente un sistema de drenaje, llamado derivación', 'Quirurjico'),
(52, 26, 'Extracción de la obstrucción', 'i algo en la médula espinal, como un tumor o un bulto óseo, entorpece el flujo de líquido cefalorraquídeo', 'Quirurjico'),
(53, 27, 'Intubación', 'comprende la colocación de un tubo de respiración a través de la nariz o la boca hasta la garganta para ayuda a las vias respira', 'Quirurjico'),
(54, 27, 'ECMO', 'La Oxigenación por membrana extracorpórea, también conocida como ECMO proporciona soporte cardíaco y respiratorio', 'Quirurjico'),
(55, 28, 'Azitromicina', 'Azitromicina es un antibiótico de amplio espectro del grupo de macrólidos que actúa contra varias bacterias', 'Medicamento'),
(56, 28, 'cirugía de rotación de los párpa', 'El médico hace una incisión en la tapa cicatrizada y rota las pestañas alejándolas de la córnea.', 'Quirurjico'),
(57, 29, 'Isoniacida', 'La isoniacida o isoniazida es un fármaco antituberculoso activo frente a Mycobacterium tuberculosis', 'Medicamento'),
(58, 29, 'Pirazinamida', 'DescripciónLa pirazinamida es un antibiótico usado en tratamiento de la tuberculosis', 'Medicamento'),
(59, 30, 'cirugia de ganglion', 'Durante este procedimiento, el médico extirpa el quiste y el tallo que lo une a la articulación o al tendón', 'Quirurjico'),
(60, 30, 'Aspiración', 'En este procedimiento, el médico usa una aguja para drenar el líquido del quiste', 'Quirurjico'),
(61, 31, 'cirugía de gangrena', 'El médico podría realizar un procedimiento quirúrgico para extraer el tejido muerto, lo que ayuda a evitar que se extienda', 'Quirurjico'),
(62, 31, 'Oxigenoterapia', 'Al aumentar la presión y el contenido de oxígeno, la sangre puede transportar mayor cantidad de oxígeno', 'Quirurjico'),
(63, 32, 'Claritromicina', 'La claritromicina es el nombre de un antibiótico del grupo de los macrólidos que se indica para el tratamiento de infecciones', 'Medicamento'),
(64, 32, 'Lansoprazol', 'El lansoprazol es un medicamento del grupo de inhibidores de la bomba de protones que actúa a nivel del tracto gastrointestinal', 'Medicamento'),
(65, 33, 'Latanoprost', 'El latanoprost es un medicamento que se utiliza en oftalmología y se aplica en forma de gotas que se instilan directamente', 'Medicamento'),
(66, 33, 'Timolol', 'Timolol es el nombre de un medicamento beta bloqueante no selectivo, es decir, bloquea la acción de la epinefrina', 'Medicamento'),
(67, 34, 'Metilprednisolona', 'Metilprednisolona, esteroide sintético, del grupo de los glucocorticoides que se utiliza en medicina por sus propiedades inmunos', 'Medicamento'),
(68, 34, 'Micofenolato', 'Es un medicamento inmunosupresor derivado del Penicillium stoloniferum, y especies relacionadas, bloquea la síntesis', 'Medicamento'),
(69, 35, 'Efavirenz', 'Efavirenz es un fármaco inhibidor de la transcriptasa inversa no análogo a los nucleósidos que se emplea', 'Medicamento'),
(70, 35, 'Tenofovir', 'Tenofovir es un medicamento antiviral que se emplea para el tratamiento de la infección por el virus de la inmunodeficiencia', 'Medicamento'),
(71, 36, 'Inmunoglobulina antirrábica', 'Una inyección de acción rápida para prevenir que el virus te infecte', 'Medicamento'),
(72, 36, 'Vacunas antirrábicas', 'Una serie de vacunas para ayudar a que el cuerpo aprenda a identificar y combatir el virus de la rabia', 'Medicamento'),
(73, 37, 'Broncoscopia', 'Durante la broncoscopia, el médico introduce con cuidado un tubo flexible por la garganta para limpiar las vías respiratorias', 'Quirurjico'),
(74, 37, 'CPAP', 'La presión positiva continua en las vías respiratorias (CPAP) puede ser útil en algunas personas que están demasiado débiles', 'Quirurjico'),
(75, 38, 'Colonoscopia', 'El médico puede ver el interior del colon mediante un tubo delgado con luz que se introduce en el recto', 'Quirurjico'),
(76, 38, 'Tetraciclina', 'Las tetraciclinas constituyen un grupo de antibióticos, unos naturales y otros obtenidos por semisíntesis, que abarcan un amplio', 'Medicamento'),
(77, 39, 'Maalox', 'Está indicado para el alivio y tratamiento sintomático de la acidez y ardor de estómago', 'Medicamento'),
(78, 39, 'Dilatación esofágica', 'El médico puede usar un endoscopio con un globo especial conectado para estirar y expandir suavemente el ancho del esófago', 'Quirurjico'),
(79, 40, 'Prednisona', 'Prednisona es un fármaco corticosteroide sintético que se toma usualmente en forma oral, pero puede ser administrado por vía', 'Medicamento'),
(80, 40, 'PRP', 'Plasma rico en plaquetas, aplica tomar una muestra de tu sangre y centrifugarla para separar las plaquetas y componentes', 'Quirurjico');

INSERT INTO paciente_sufre (id_sintoma, id_paciente) VALUES
(1, 2),
(2, 4),
(3, 2),
(4, 4),
(5, 2),
(6, 5),
(7, 6),
(8, 5),
(9, 6),
(10, 5),
(11, 7),
(12, 8),
(13, 2),
(13, 7),
(14, 8),
(15, 9),
(16, 21),
(17, 9),
(17, 22),
(18, 21),
(19, 22),
(20, 23),
(21, 22),
(22, 23),
(25, 24),
(26, 25),
(27, 24),
(28, 25),
(29, 26),
(30, 27),
(31, 26),
(32, 27),
(33, 26),
(33, 29),
(34, 28),
(35, 29),
(36, 28),
(37, 29),
(38, 28),
(39, 29),
(40, 30),
(41, 31),
(42, 32),
(54, 32),
(66, 31),
(68, 33),
(70, 33),
(72, 2),
(72, 31),
(72, 33);

INSERT INTO cel_empleado (id_empleado, celular) VALUES
(1, '091854011'),
(3, '096757353'),
(10, '099049806'),
(11, '091836345'),
(12, '093919411'),
(13, '094515482'),
(14, '094689121'),
(15, '095711918'),
(16, '095895808'),
(17, '098117054'),
(18, '090077196'),
(19, '092845031'),
(20, '099794617'),
(34, '097037692'),
(35, '096005276'),
(36, '096033068'),
(37, '099804488'),
(38, '093909146'),
(39, '099942955'),
(40, '092942925'),
(41, '093922155'),
(42, '098941299'),
(43, '097102177'),
(44, '096191369'),
(45, '098860700'),
(46, '091499778'),
(47, '095503375'),
(48, '093115023'),
(49, '095215053'),
(50, '099028544');

INSERT INTO cel_paciente (id_paciente, celular) VALUES
(2, '091960412'),
(4, '095571963'),
(5, '096986920'),
(6, '090196189'),
(7, '092416455'),
(8, '093498253'),
(9, '091507102'),
(21, '093275548'),
(22, '095075884'),
(23, '095124353'),
(24, '095124353'),
(25, '090868660'),
(26, '095776573'),
(27, '097425494'),
(28, '091044589'),
(29, '096045529'),
(30, '099087994'),
(31, '099203227'),
(32, '090921797'),
(33, '099698605');

INSERT INTO diagnostico (id, id_tipo, id_paciente, id_sintoma) VALUES
(1, 2, 2, 1, '2020-08-05'),
(2, 2, 2, 3, '2020-08-05'),
(3, 2, 2, 5, '2020-08-05'),
(4, 2, 2, 13, '2020-08-05'),
(5, 2, 2, 72, '2020-08-05'),
(6, 2, 4, 2, '2020-08-03'),
(7, 2, 4, 4, '2020-08-03'),
(8, 2, 5, 6, '2020-07-14'),
(9, 2, 5, 8, '2020-07-14'),
(10, 2, 5, 10, '2020-07-14'),
(11, 2, 6, 7, '2020-07-14'),
(12, 2, 6, 9, '2020-07-14'),
(13, 2, 7, 11, '2020-07-29'),
(14, 2, 7, 13, '2020-07-29'),
(15, 2, 8, 12, '2020-07-30'),
(16, 2, 8, 14, '2020-07-30'),
(17, 2, 9, 15, '2020-08-01'),
(18, 2, 9, 17, '2020-08-01'),
(19, 2, 21, 16, '2020-08-01'),
(20, 2, 21, 18, '2020-08-01'),
(21, 2, 22, 17, '2020-08-01'),
(22, 2, 22, 19, '2020-08-01'),
(23, 2, 22, 21, '2020-03-01'),
(24, 2, 23, 20, '2020-01-02'),
(25, 2, 23, 22, '2020-08-02'),
(26, 2, 24, 25, '2020-08-03'),
(27, 2, 24, 27, '2020-08-03'),
(28, 2, 25, 26, '2020-08-04'),
(29, 2, 24, 28, '2020-08-03'),
(30, 2, 26, 29, '2020-08-04'),
(31, 2, 26, 31, '2020-08-04'),
(32, 2, 26, 33, '2020-08-04'),
(33, 2, 27, 30, '2020-08-05'),
(34, 2, 27, 32, '2020-08-05'),
(35, 1, 28, 34, '2020-08-03'),
(36, 1, 28, 36, '2020-08-03'),
(37, 1, 28, 38, '2020-08-03'),
(38, 1, 29, 33, '2020-06-01'),
(39, 1, 29, 35, '2020-06-01'),
(40, 1, 29, 37, '2020-06-01'),
(41, 1, 29, 39, '2020-06-01'),
(42, 1, 30, 40, '2020-07-23'),
(43, 1, 31, 41, '2020-07-23'),
(44, 1, 31, 66, '2020-07-23'),
(45, 1, 31, 72, '2020-07-23'),
(46, 1, 32, 42, '2020-06-07'),
(47, 1, 32, 54, '2020-06-07'),
(48, 1, 33, 68, '2020-08-10'),
(49, 1, 33, 70, '2020-08-10'),
(50, 1, 33, 72, '2020-08-10');

INSERT INTO verifica (id_tentativo, id_medico) VALUES
(11, 1),
(12, 1),
(1, 10),
(2, 10),
(3, 10),
(4, 10),
(5, 10),
(6, 11),
(7, 11),
(13, 12),
(14, 12),
(8, 13),
(9, 13),
(10, 13),
(26, 16),
(27, 16),
(29, 16),
(15, 17),
(16, 17),
(24, 19),
(25, 19),
(17, 20),
(18, 20),
(19, 34),
(20, 34),
(21, 34),
(22, 34),
(23, 34),
(28, 38),
(33, 40),
(34, 40),
(30, 41),
(31, 41),
(32, 41);


INSERT INTO peticion (id_paciente, id_medico, estado, motivo, fechaHoraInicio, fechaHoraFin) VALUES
(2, 10, 0, 'Peticion aceptada', '2020-08-05 20:05:00', '2020-08-05 20:07:00'),
(4, 11, 0, 'Petcion aceptada', '2020-08-03 09:00:00', '2020-08-03 09:03:00'),
(5, 13, 0, 'Petcion aceptada', '2020-07-14 11:04:00', '2020-07-14 11:05:00'),
(6, 1, 0, 'Petcion aceptada', '2020-07-14 23:35:00', '2020-07-14 23:37:00'),
(7, 12, 0, 'Peticion aceptada', '2020-07-29 06:57:00', '2020-07-29 06:58:00'),
(8, 17, 0, 'Peticion aceptada', '2020-07-30 14:23:00', '2020-07-30 14:25:00'),
(9, 20, 0, 'Peticion aceptada', '2020-08-01 19:02:00', '2020-08-01 19:02:00'),
(21, 34, 0, 'Peticion aceptada', '2020-08-01 17:15:00', '2020-08-01 17:17:00'),
(22, 34, 0, 'Peticion aceptada', '2020-08-01 17:15:00', '2020-08-01 17:17:00'),
(23, 19, 0, 'Peticion aceptada', '2020-08-02 13:11:00', '2020-08-02 13:12:00'),
(24, 16, 0, 'Peticion aceptada', '2020-08-03 07:28:00', '2020-08-03 07:30:00'),
(25, 38, 0, 'Peticion aceptada', '2020-08-04 16:06:00', '2020-08-04 16:08:00'),
(26, 41, 0, 'Peticion aceptada', '2020-08-04 05:59:00', '2020-08-04 06:00:00'),
(27, 40, 0, 'Peticion aceptada', '2020-08-05 21:10:00', '2020-08-05 21:12:00'),
(28, 35, 0, 'Se retiró del Centro de atención de salud', '2020-08-03 15:42:00', '2020-08-03 15:43:00');

INSERT INTO salachat (id, estado, motivo, fechaHoraInicio, fechaHoraFin) VALUES
(1, 0, 'Conversación finalizada', '2020-08-05 20:08:00', '2020-08-05 20:14:25'),
(2, 0, 'Conversación finalizada', '2020-08-03 09:04:00', '2020-08-03 09:12:00'),
(3, 0, 'Conversación finalizada', '2020-07-14 11:06:00', '2020-07-14 11:11:00'),
(4, 0, 'Conversación finalizada', '2020-07-14 23:38:00', '2020-07-14 23:47:40'),
(5, 0, 'Conversación finalizada', '2020-07-29 06:59:00', '2020-07-29 07:07:54'),
(6, 0, 'Conversación finalizada', '2020-07-30 14:26:00', '2020-07-30 14:36:25'),
(7, 0, 'Conversación finalizada', '2020-08-01 19:03:00', '2020-08-01 19:10:25'),
(8, 0, 'Conversación finalizada', '2020-08-01 17:18:00', '2020-08-01 17:28:30'),
(9, 0, 'Conversación finalizada', '2020-08-01 17:18:00', '2020-08-01 17:29:30'),
(10, 0, 'Conversación finalizada', '2020-08-02 13:13:00', '2020-08-02 13:19:36'),
(11, 0, 'Conversación finalizada', '2020-08-03 07:31:00', '2020-08-03 07:39:46'),
(12, 0, 'Conversación finalizada', '2020-08-04 16:09:00', '2020-08-04 16:21:30'),
(13, 0, 'Conversación finalizada', '2020-08-04 06:01:00', '2020-08-04 06:12:32'),
(14, 0, 'Conversación finalizada', '2020-08-05 21:13:00', '2020-08-05 21:22:30');

INSERT INTO conversa (id_paciente, id_medico, id_mensaje, id_sala) VALUES
(2, 10, 1, 1),
(2, 10, 2, 1),
(2, 10, 3, 1),
(2, 10, 4, 1),
(2, 10, 5, 1),
(2, 10, 6, 1),
(2, 10, 7, 1),
(2, 10, 8, 1),
(2, 10, 9, 1),
(4, 11, 10, 2),
(4, 11, 11, 2),
(4, 11, 12, 2),
(4, 11, 13, 2),
(4, 11, 14, 2),
(4, 11, 15, 2),
(4, 11, 16, 2),
(4, 11, 17, 2),
(4, 11, 18, 2),
(5, 13, 5, 3),
(5, 13, 19, 3),
(5, 13, 20, 3),
(5, 13, 21, 3),
(5, 13, 22, 3),
(5, 13, 23, 3),
(5, 13, 24, 3),
(5, 13, 26, 3),
(5, 13, 27, 3),
(6, 1, 28, 4),
(6, 1, 29, 4),
(6, 1, 30, 4),
(6, 1, 31, 4),
(6, 1, 32, 4),
(6, 1, 33, 4),
(6, 1, 34, 4),
(6, 1, 35, 4),
(6, 1, 36, 4),
(7, 12, 37, 5),
(7, 12, 38, 5),
(7, 12, 39, 5),
(7, 12, 40, 5),
(7, 12, 41, 5),
(7, 12, 42, 5),
(7, 12, 43, 5),
(7, 12, 44, 5),
(7, 12, 45, 5),
(8, 17, 46, 6),
(8, 17, 47, 6),
(8, 17, 48, 6),
(8, 17, 49, 6),
(8, 17, 50, 6),
(8, 17, 51, 6),
(8, 17, 52, 6),
(8, 17, 53, 6),
(8, 17, 54, 6),
(8, 17, 55, 6),
(8, 17, 56, 6),
(9, 20, 57, 7),
(9, 20, 58, 7),
(9, 20, 59, 7),
(9, 20, 60, 7),
(9, 20, 61, 7),
(9, 20, 62, 7),
(9, 20, 63, 7),
(9, 20, 64, 7),
(9, 20, 65, 7),
(21, 34, 66, 8),
(21, 34, 67, 8),
(21, 34, 68, 8),
(21, 34, 69, 8),
(21, 34, 70, 8),
(21, 34, 71, 8),
(21, 34, 72, 8),
(21, 34, 73, 8),
(21, 34, 74, 8),
(22, 34, 75, 9),
(22, 34, 76, 9),
(22, 34, 77, 9),
(22, 34, 78, 9),
(22, 34, 79, 9),
(22, 34, 80, 9),
(22, 34, 81, 9),
(22, 34, 82, 9),
(22, 34, 83, 9),
(23, 19, 84, 10),
(23, 19, 85, 10),
(23, 19, 86, 10),
(23, 19, 87, 10),
(23, 19, 88, 10),
(23, 19, 89, 10),
(23, 19, 90, 10),
(23, 19, 91, 10),
(23, 19, 92, 10),
(24, 16, 93, 11),
(24, 16, 94, 11),
(24, 16, 95, 11),
(24, 16, 96, 11),
(24, 16, 97, 11),
(24, 16, 98, 11),
(24, 16, 99, 11),
(24, 16, 100, 11),
(24, 16, 101, 11),
(25, 38, 102, 12),
(25, 38, 103, 12),
(25, 38, 104, 12),
(25, 38, 105, 12),
(25, 38, 106, 12),
(25, 38, 107, 12),
(25, 38, 108, 12),
(25, 38, 109, 12),
(25, 38, 110, 12),
(25, 38, 111, 12),
(25, 38, 112, 12),
(26, 41, 113, 13),
(26, 41, 114, 13),
(26, 41, 115, 13),
(26, 41, 116, 13),
(26, 41, 117, 13),
(26, 41, 118, 13),
(26, 41, 119, 13),
(26, 41, 120, 13),
(26, 41, 121, 13),
(27, 40, 122, 14),
(27, 40, 123, 14),
(27, 40, 124, 14),
(27, 40, 125, 14),
(27, 40, 126, 14),
(27, 40, 130, 14);

-- ------------------------------------------------------------------------------- --
-- FIN DE INSERCCIÓN DE DATOS - (3) -------------------------------------------------- --


-- 4. QUERY LENGUAGE ----------------------------------------------------------------- --
	-- ------------------------------------------------------------------------------- --
-- FIN DE QL - (4) ------------------------------------------------------------------- --